Garden Suburb, Barnet
Cray Meadows, Bexley
North End, Bexley
Bromley Common and Keston, Bromley
Cray Valley East, Bromley
Cray Valley West, Bromley
Farnborough and Crofton, Bromley
Kelsey and Eden Park, Bromley
Mottingham and Chislehurst North, Bromley
Penge and Cator, Bromley
Camden Town with Primrose Hill, Camden
Frognal and Fitzjohns, Camden
St Pancras and Somers Town, Camden
West Thornton, Croydon
Hanger Hill, Ealing
Southgate Green, Enfield
Kidbrooke with Hornfair, Greenwich
Middle Park and Sutcliffe, Greenwich
King's Park, Hackney
Avonmore and Brook Green, Hammersmith and Fulham
College Park and Old Oak, Hammersmith and Fulham
North End, Hammersmith and Fulham
Wormholt and White City, Hammersmith and Fulham
Mawneys, Havering
Heathrow Villages, Hillingdon
Chiswick Homefields, Hounslow
St George's, Islington
St Peter's, Islington
Brompton and Hans Town, Kensington and Chelsea
Notting Dale, Kensington and Chelsea
St James, Kingston upon Thames
Prince's, Lambeth
Thurlow Park, Lambeth
Lavender Fields, Merton
Wall End, Newham
Ham Petersham and Richmond Rive, Richmond upon Thames
Mortlake and Barnes Common, Richmond upon Thames
St Margarets and North Twickenha, Richmond upon Thames
Cathedrals, Southwark
Blackwall and Cubitt Town, Tower Hamlets
Bromley North, Tower Hamlets
Bromley South, Tower Hamlets
St Katharine's and Wapping, Tower Hamlets
St Peter's, Tower Hamlets
Spitalfields and Banglatown, Tower Hamlets
Weavers, Tower Hamlets
Cann Hall, Waltham Forest
Grove Green, Waltham Forest
Hoe Street, Waltham Forest
Markhouse, Waltham Forest
Roehampton and Putney Heath, Wandsworth
St Mary's Park, Wandsworth
Thamesfield, Wandsworth
Bryanston and Dorset Square, Westminster
Queen's Park, Westminster
